ID_Empleado,Edad,Departamento,Antiguedad_Meses,Sueldo_Mensual_MXN,Horas_Extra,Distancia_Planta_KM,Meses_Ultimo_Ascenso,Nivel_Ingles,Rotacion
EMP-0001,56,Logística,27,21408,No,40,27,Avanzado,No
EMP-0002,46,RRHH,69,19906,No,12,17,Básico,No
EMP-0003,32,Producción,25,9318,No,13,25,Intermedio,No
EMP-0004,25,Producción,3,9994,No,43,3,Avanzado,Sí
EMP-0005,38,Producción,97,9461,Sí,17,39,Intermedio,No
EMP-0006,56,Producción,68,9683,No,17,5,Intermedio,No
EMP-0007,36,Finanzas,25,46401,No,36,21,Básico,No
EMP-0008,40,Producción,20,9340,No,21,20,Básico,No
EMP-0009,28,Producción,34,11876,No,8,0,Básico,No
EMP-0010,28,Producción,26,9696,Sí,5,3,Básico,No
EMP-0011,41,Producción,5,10202,No,26,5,Avanzado,No
EMP-0012,53,Ingeniería,99,32987,No,16,48,Básico,No
EMP-0013,57,Logística,61,16215,No,36,51,Avanzado,Sí
EMP-0014,41,Producción,92,16935,No,28,49,Avanzado,No
EMP-0015,20,Producción,93,15210,No,29,42,Básico,No
EMP-0016,39,Producción,9,10805,Sí,47,9,Básico,No
EMP-0017,19,Finanzas,116,30437,No,12,20,Avanzado,No
EMP-0018,41,Finanzas,102,40969,No,37,25,Avanzado,Sí
EMP-0019,47,Producción,50,9124,Sí,30,13,Básico,No
EMP-0020,55,Ingeniería,6,38099,Sí,23,6,Básico,No
EMP-0021,19,Ingeniería,83,30917,Sí,16,58,Intermedio,No
EMP-0022,38,Producción,60,9245,Sí,14,46,Intermedio,No
EMP-0023,50,Finanzas,44,39265,No,10,11,Básico,No
EMP-0024,29,Producción,11,16596,No,7,11,Intermedio,No
EMP-0025,39,Producción,66,9933,No,45,50,Básico,No
EMP-0026,42,Producción,47,13242,No,37,47,Básico,No
EMP-0027,44,Producción,108,15479,No,29,50,Básico,Sí
EMP-0028,59,Producción,108,9563,No,3,5,Básico,No
EMP-0029,45,Ingeniería,73,41261,No,15,19,Básico,No
EMP-0030,33,Producción,85,10314,No,36,23,Básico,No
EMP-0031,32,Ingeniería,88,28712,No,47,26,Básico,No
EMP-0032,20,Producción,98,17895,No,46,37,Básico,No
EMP-0033,54,Producción,86,9777,Sí,19,7,Básico,No
EMP-0034,24,Producción,3,9229,Sí,13,0,Avanzado,No
EMP-0035,38,Producción,76,9810,No,42,53,Básico,No
EMP-0036,26,Ingeniería,92,37080,No,21,48,Básico,No
EMP-0037,56,Producción,30,9782,No,37,30,Intermedio,No
EMP-0038,35,Producción,90,9603,No,27,23,Avanzado,No
EMP-0039,21,Producción,112,17887,No,29,46,Básico,No
EMP-0040,42,Ingeniería,21,57250,No,20,6,Intermedio,No
EMP-0041,31,Finanzas,28,31985,No,25,18,Intermedio,No
EMP-0042,26,Ingeniería,90,44792,No,6,21,Intermedio,No
EMP-0043,43,Producción,62,9083,No,36,56,Básico,No
EMP-0044,19,Producción,33,9665,No,2,33,Intermedio,No
EMP-0045,37,Producción,85,9605,No,22,59,Básico,Sí
EMP-0046,45,Producción,35,9394,Sí,32,34,Intermedio,Sí
EMP-0047,24,Producción,52,12424,No,16,29,Intermedio,No
EMP-0048,25,Producción,34,9897,Sí,18,28,Básico,No
EMP-0049,52,Producción,41,9572,No,5,21,Intermedio,No
EMP-0050,31,Producción,51,14088,No,36,10,Básico,No
EMP-0051,34,Logística,47,18443,Sí,30,19,Intermedio,No
EMP-0052,53,Producción,82,17154,Sí,45,28,Básico,No
EMP-0053,57,Producción,58,17454,No,19,50,Básico,Sí
EMP-0054,21,Ingeniería,75,33389,No,23,40,Básico,No
EMP-0055,19,Producción,57,17787,Sí,34,41,Avanzado,Sí
EMP-0056,23,Ingeniería,23,33982,No,13,23,Básico,No
EMP-0057,59,Producción,48,11232,Sí,43,0,Básico,Sí
EMP-0058,21,Producción,22,12712,No,29,22,Básico,No
EMP-0059,46,Logística,17,20706,No,36,17,Intermedio,No
EMP-0060,35,Logística,69,17773,No,22,47,Intermedio,No
EMP-0061,43,Ingeniería,108,46947,No,47,17,Básico,No
EMP-0062,51,Producción,11,9540,No,36,11,Básico,Sí
EMP-0063,27,Producción,94,13770,No,9,57,Básico,Sí
EMP-0064,53,Producción,15,9041,Sí,39,15,Básico,No
EMP-0065,31,Producción,91,9938,Sí,19,37,Básico,Sí
EMP-0066,48,Finanzas,35,29161,Sí,38,13,Intermedio,No
EMP-0067,32,Producción,33,16958,No,6,22,Básico,No
EMP-0068,25,RRHH,84,18601,Sí,47,24,Básico,No
EMP-0069,31,Producción,16,16848,No,15,14,Básico,No
EMP-0070,40,Producción,34,9025,No,20,34,Avanzado,No
EMP-0071,57,Producción,66,10056,No,9,55,Avanzado,No
EMP-0072,38,Finanzas,99,36106,No,32,21,Intermedio,No
EMP-0073,33,Ingeniería,40,28669,No,4,2,Básico,No
EMP-0074,35,Logística,28,16966,No,18,28,Básico,No
EMP-0075,41,Ingeniería,47,31464,No,5,47,Básico,No
EMP-0076,43,Ingeniería,39,36110,No,20,18,Básico,No
EMP-0077,42,Logística,70,22633,No,23,56,Intermedio,No
EMP-0078,58,Producción,73,9978,Sí,11,43,Intermedio,Sí
EMP-0079,46,Producción,20,10168,No,37,20,Avanzado,No
EMP-0080,32,Producción,1,9904,No,22,1,Intermedio,No
EMP-0081,18,RRHH,72,18197,Sí,4,49,Básico,No
EMP-0082,42,Finanzas,119,28873,No,29,60,Intermedio,No
EMP-0083,24,Producción,87,15737,Sí,44,0,Básico,Sí
EMP-0084,26,Ingeniería,63,35215,No,34,51,Básico,No
EMP-0085,41,Finanzas,67,38512,Sí,13,20,Intermedio,No
EMP-0086,18,Producción,4,9896,No,42,4,Básico,No
EMP-0087,25,Producción,58,14487,No,9,5,Básico,No
EMP-0088,41,Finanzas,25,49197,No,42,25,Básico,No
EMP-0089,28,Producción,47,10730,No,31,0,Intermedio,No
EMP-0090,34,Ingeniería,38,45149,Sí,7,38,Intermedio,No
EMP-0091,25,Producción,15,13650,No,4,0,Básico,Sí
EMP-0092,52,Finanzas,63,52844,Sí,19,26,Intermedio,No
EMP-0093,52,RRHH,21,18552,No,42,20,Básico,No
EMP-0094,50,Finanzas,99,45720,No,30,52,Básico,No
EMP-0095,22,Producción,57,9643,No,31,15,Intermedio,No
EMP-0096,59,Logística,117,21997,No,35,43,Intermedio,Sí
EMP-0097,56,Logística,53,19927,No,21,53,Avanzado,No
EMP-0098,58,Producción,46,16593,No,31,46,Básico,No
EMP-0099,45,Logística,116,21225,No,19,53,Intermedio,No
EMP-0100,24,Producción,14,13065,No,31,14,Intermedio,No
EMP-0101,26,Producción,100,16442,Sí,32,25,Avanzado,Sí
EMP-0102,25,Producción,76,14597,Sí,2,15,Básico,No
EMP-0103,29,Producción,17,9622,Sí,10,17,Intermedio,Sí
EMP-0104,51,Producción,39,14441,No,2,0,Intermedio,Sí
EMP-0105,50,Ingeniería,9,45722,Sí,2,9,Básico,No
EMP-0106,40,Producción,99,12601,No,24,9,Básico,No
EMP-0107,41,Ingeniería,77,40664,No,17,42,Básico,No
EMP-0108,54,Producción,79,9280,Sí,32,16,Intermedio,Sí
EMP-0109,52,Producción,82,9901,No,16,56,Avanzado,No
EMP-0110,57,Producción,115,13263,No,16,58,Intermedio,No
EMP-0111,39,Logística,97,18940,Sí,46,22,Intermedio,No
EMP-0112,44,Producción,6,9818,No,39,6,Intermedio,No
EMP-0113,52,Ingeniería,91,43973,Sí,31,43,Básico,No
EMP-0114,18,Finanzas,23,32264,No,43,23,Básico,No
EMP-0115,52,Ingeniería,59,37466,No,24,6,Básico,Sí
EMP-0116,54,Producción,91,15444,No,1,43,Básico,No
EMP-0117,31,Producción,98,11544,No,11,14,Básico,No
EMP-0118,20,Finanzas,46,35727,No,21,33,Intermedio,No
EMP-0119,18,Producción,38,11732,No,4,38,Básico,No
EMP-0120,22,Finanzas,14,39542,Sí,7,14,Básico,No
EMP-0121,43,Producción,100,10819,Sí,26,3,Básico,No
EMP-0122,31,Finanzas,117,32521,No,47,13,Básico,No
EMP-0123,56,Logística,72,18686,No,12,13,Avanzado,Sí
EMP-0124,44,RRHH,62,25130,No,31,15,Avanzado,No
EMP-0125,26,Producción,35,9768,No,17,6,Intermedio,No
EMP-0126,32,Logística,19,19136,No,33,19,Básico,No
EMP-0127,32,Producción,30,12236,Sí,11,18,Intermedio,No
EMP-0128,43,Producción,78,17210,No,28,1,Intermedio,Sí
EMP-0129,59,Ingeniería,84,42524,No,32,9,Intermedio,No
EMP-0130,30,Finanzas,113,54737,Sí,1,49,Básico,No
EMP-0131,49,RRHH,25,18364,Sí,47,25,Intermedio,Sí
EMP-0132,56,Logística,40,17875,Sí,28,16,Intermedio,No
EMP-0133,49,Producción,88,9512,No,42,36,Intermedio,No
EMP-0134,21,Producción,14,10783,No,7,11,Intermedio,No
EMP-0135,47,Ingeniería,26,30782,Sí,2,5,Básico,No
EMP-0136,54,Producción,102,16669,Sí,42,21,Intermedio,No
EMP-0137,40,Producción,87,9368,Sí,24,31,Básico,No
EMP-0138,56,Producción,22,9909,No,4,22,Intermedio,No
EMP-0139,32,Producción,48,9809,No,44,19,Básico,No
EMP-0140,46,Producción,83,9316,No,19,0,Básico,No
EMP-0141,53,Producción,110,9798,No,26,53,Básico,No
EMP-0142,30,Producción,51,16505,No,11,46,Intermedio,No
EMP-0143,49,Producción,3,9916,No,40,3,Básico,No
EMP-0144,24,RRHH,42,18756,No,43,42,Intermedio,No
EMP-0145,39,Producción,19,9478,Sí,11,5,Intermedio,Sí
EMP-0146,45,Producción,73,9019,Sí,45,18,Básico,Sí
EMP-0147,19,Ingeniería,28,53298,Sí,3,17,Básico,No
EMP-0148,59,Producción,84,9131,Sí,12,5,Básico,No
EMP-0149,23,Finanzas,45,36890,No,3,44,Avanzado,Sí
EMP-0150,45,Logística,71,22313,No,42,32,Intermedio,No
EMP-0151,45,Producción,78,17532,Sí,27,22,Básico,No
EMP-0152,37,Producción,63,10043,No,49,22,Básico,No
EMP-0153,47,Finanzas,73,39350,No,2,25,Intermedio,No
EMP-0154,28,Finanzas,119,31201,Sí,49,12,Avanzado,No
EMP-0155,45,Producción,19,9543,No,16,6,Intermedio,No
EMP-0156,42,Ingeniería,47,31787,No,2,14,Intermedio,No
EMP-0157,56,Producción,116,14584,No,30,43,Básico,Sí
EMP-0158,50,RRHH,14,25933,Sí,20,14,Básico,No
EMP-0159,18,Producción,38,9939,Sí,38,25,Básico,Sí
EMP-0160,44,Finanzas,53,49186,No,28,32,Básico,No
EMP-0161,30,Ingeniería,61,33285,Sí,25,14,Básico,No
EMP-0162,58,Ingeniería,36,42773,No,32,35,Básico,No
EMP-0163,20,Producción,40,9915,No,10,40,Básico,No
EMP-0164,56,Producción,81,17897,No,42,54,Avanzado,No
EMP-0165,23,Producción,30,15378,No,40,26,Intermedio,No
EMP-0166,25,Producción,9,9200,No,33,9,Intermedio,No
EMP-0167,44,Producción,64,9670,Sí,13,4,Intermedio,Sí
EMP-0168,26,Logística,33,19139,No,41,33,Básico,No
EMP-0169,54,Producción,52,13398,No,42,1,Intermedio,Sí
EMP-0170,50,Producción,89,9601,No,47,54,Básico,Sí
EMP-0171,59,RRHH,14,17382,Sí,37,14,Intermedio,No
EMP-0172,41,Finanzas,75,56749,No,16,32,Básico,No
EMP-0173,32,Finanzas,53,37862,No,45,15,Avanzado,No
EMP-0174,49,RRHH,99,17866,Sí,22,22,Básico,Sí
EMP-0175,49,Producción,105,17225,Sí,20,37,Básico,Sí
EMP-0176,41,Producción,59,15152,Sí,43,54,Avanzado,No
EMP-0177,58,Logística,78,16567,No,27,15,Básico,No
EMP-0178,29,Ingeniería,94,52303,Sí,41,13,Intermedio,No
EMP-0179,56,Producción,41,9680,Sí,16,28,Intermedio,Sí
EMP-0180,19,Logística,68,17070,No,34,25,Intermedio,No
EMP-0181,20,Producción,68,9833,Sí,32,34,Avanzado,No
EMP-0182,54,Producción,92,9584,Sí,26,14,Avanzado,No
EMP-0183,34,Producción,8,17491,Sí,25,2,Básico,No
EMP-0184,19,Producción,2,9798,Sí,2,2,Intermedio,No
EMP-0185,19,Producción,105,12742,Sí,12,28,Intermedio,Sí
EMP-0186,45,Producción,110,9826,No,40,33,Intermedio,No
EMP-0187,40,Finanzas,86,39168,Sí,9,32,Básico,Sí
EMP-0188,54,Producción,41,9377,Sí,12,40,Intermedio,No
EMP-0189,49,Producción,55,9104,No,26,40,Avanzado,No
EMP-0190,50,Finanzas,16,28329,No,9,16,Avanzado,No
EMP-0191,18,RRHH,93,17890,No,10,6,Básico,No
EMP-0192,36,Logística,62,22991,No,32,2,Básico,No
EMP-0193,19,Logística,113,27622,Sí,34,57,Básico,No
EMP-0194,43,Ingeniería,48,35056,No,48,31,Intermedio,No
EMP-0195,49,Producción,30,9449,No,20,30,Intermedio,No
EMP-0196,23,Producción,12,13753,No,39,12,Básico,No
EMP-0197,49,Producción,35,15298,No,2,35,Básico,No
EMP-0198,21,Producción,11,15294,Sí,1,6,Básico,No
EMP-0199,28,Producción,64,9309,No,36,40,Básico,No
EMP-0200,34,Ingeniería,110,31175,Sí,24,0,Avanzado,No
EMP-0201,55,Producción,50,9127,No,27,50,Intermedio,No
EMP-0202,41,Producción,85,13353,No,2,13,Básico,No
EMP-0203,22,Producción,21,9018,No,31,21,Intermedio,No
EMP-0204,51,Ingeniería,69,51256,Sí,14,31,Básico,No
EMP-0205,23,Producción,48,11260,No,2,5,Avanzado,Sí
EMP-0206,39,Logística,20,17488,No,29,20,Básico,No
EMP-0207,28,Producción,101,9653,No,15,9,Básico,No
EMP-0208,33,Producción,67,16750,No,12,6,Básico,No
EMP-0209,50,Producción,44,17749,No,37,25,Intermedio,No
EMP-0210,26,Logística,33,17299,No,28,33,Intermedio,No
EMP-0211,23,Producción,117,9686,Sí,20,29,Intermedio,No
EMP-0212,33,Ingeniería,73,28947,No,39,35,Básico,Sí
EMP-0213,46,Producción,61,9666,Sí,24,20,Básico,No
EMP-0214,20,Producción,9,10870,No,21,9,Básico,Sí
EMP-0215,37,Finanzas,68,38988,No,10,16,Intermedio,No
EMP-0216,53,Logística,35,23931,No,46,32,Básico,Sí
EMP-0217,36,Ingeniería,81,32947,Sí,14,9,Intermedio,No
EMP-0218,43,Logística,98,22699,No,37,50,Avanzado,Sí
EMP-0219,20,Logística,88,19144,No,18,46,Avanzado,No
EMP-0220,36,Ingeniería,96,28076,No,24,41,Básico,No
EMP-0221,37,Logística,65,22458,No,14,50,Básico,No
EMP-0222,49,Ingeniería,8,31916,Sí,34,8,Básico,No
EMP-0223,24,Ingeniería,45,38874,No,12,45,Intermedio,No
EMP-0224,58,Ingeniería,87,33842,No,22,15,Intermedio,No
EMP-0225,50,Logística,47,19148,Sí,6,40,Básico,No
EMP-0226,57,Producción,40,9244,Sí,36,31,Básico,Sí
EMP-0227,56,Finanzas,76,29405,No,45,14,Intermedio,No
EMP-0228,35,Finanzas,54,35737,No,36,26,Avanzado,No
EMP-0229,57,Producción,76,10142,No,22,27,Básico,No
EMP-0230,18,Logística,46,23156,No,14,16,Intermedio,No
EMP-0231,28,Producción,47,9544,Sí,16,45,Básico,Sí
EMP-0232,45,Producción,15,17230,Sí,36,15,Básico,No
EMP-0233,42,Ingeniería,105,31005,Sí,25,49,Avanzado,Sí
EMP-0234,40,Producción,19,14624,Sí,32,19,Intermedio,Sí
EMP-0235,48,Logística,26,22769,No,33,1,Intermedio,Sí
EMP-0236,47,Logística,52,18311,Sí,45,35,Básico,Sí
EMP-0237,59,Producción,93,9636,No,36,49,Intermedio,No
EMP-0238,52,Producción,22,17088,No,20,6,Básico,No
EMP-0239,24,Producción,104,13131,No,18,12,Básico,No
EMP-0240,33,Ingeniería,21,38111,No,38,14,Intermedio,No
EMP-0241,43,RRHH,51,16560,No,3,24,Básico,No
EMP-0242,19,Ingeniería,38,37313,Sí,23,22,Intermedio,No
EMP-0243,18,Producción,20,17404,No,32,20,Intermedio,No
EMP-0244,29,Ingeniería,29,41375,Sí,45,21,Básico,No
EMP-0245,22,Producción,51,9790,Sí,16,25,Básico,Sí
EMP-0246,54,Logística,4,23809,No,5,4,Básico,No
EMP-0247,49,Producción,55,15487,Sí,4,10,Básico,No
EMP-0248,26,Logística,71,16745,Sí,21,9,Intermedio,No
EMP-0249,58,Producción,92,13302,No,40,24,Intermedio,No
EMP-0250,52,RRHH,28,22297,No,14,28,Básico,No
EMP-0251,36,Producción,4,11611,No,39,4,Básico,Sí
EMP-0252,33,Ingeniería,22,29725,No,31,22,Intermedio,No
EMP-0253,20,Finanzas,76,55529,Sí,14,52,Intermedio,No
EMP-0254,37,Producción,45,10662,No,6,37,Básico,No
EMP-0255,41,Finanzas,67,41986,No,12,40,Básico,No
EMP-0256,50,Ingeniería,86,37157,No,16,44,Intermedio,No
EMP-0257,41,Producción,108,9856,No,17,23,Básico,No
EMP-0258,28,Producción,66,16294,Sí,45,39,Básico,No
EMP-0259,25,Ingeniería,88,34771,No,23,45,Intermedio,Sí
EMP-0260,53,Producción,34,16753,No,14,34,Intermedio,No
EMP-0261,55,Producción,91,9101,Sí,7,32,Intermedio,Sí
EMP-0262,57,Producción,55,9291,No,46,16,Intermedio,No
EMP-0263,37,Ingeniería,105,44530,No,32,23,Intermedio,No
EMP-0264,52,Producción,1,14049,Sí,15,1,Básico,No
EMP-0265,42,Finanzas,72,46731,No,44,56,Básico,No
EMP-0266,52,RRHH,87,23019,No,17,1,Básico,No
EMP-0267,42,RRHH,38,23655,No,41,31,Básico,No
EMP-0268,46,Ingeniería,6,40367,Sí,47,6,Intermedio,No
EMP-0269,35,Producción,86,12917,No,44,59,Avanzado,No
EMP-0270,35,Logística,25,19229,Sí,34,23,Avanzado,No
EMP-0271,19,Producción,82,9642,No,5,8,Intermedio,No
EMP-0272,52,Producción,17,9040,Sí,45,3,Básico,No
EMP-0273,33,Producción,61,9641,No,27,16,Básico,No
EMP-0274,58,Producción,12,16811,No,23,12,Intermedio,No
EMP-0275,53,Logística,6,22057,No,40,6,Intermedio,No
EMP-0276,50,Ingeniería,90,57163,No,14,49,Intermedio,No
EMP-0277,21,Producción,27,9051,No,15,27,Intermedio,No
EMP-0278,50,Producción,8,9611,No,43,8,Intermedio,Sí
EMP-0279,31,RRHH,83,21215,Sí,33,39,Intermedio,Sí
EMP-0280,38,Producción,106,14653,No,31,57,Básico,No
EMP-0281,37,Producción,65,10621,Sí,35,10,Intermedio,No
EMP-0282,25,Producción,57,9299,No,17,20,Avanzado,No
EMP-0283,24,Logística,93,24417,Sí,28,20,Básico,No
EMP-0284,20,Ingeniería,109,33874,No,19,17,Intermedio,No
EMP-0285,34,Producción,113,13594,No,46,54,Básico,Sí
EMP-0286,50,Producción,99,10000,No,23,28,Avanzado,No
EMP-0287,29,Ingeniería,40,43820,Sí,32,23,Básico,Sí
EMP-0288,39,Ingeniería,14,48654,No,40,9,Intermedio,No
EMP-0289,39,Producción,35,9228,No,13,35,Básico,No
EMP-0290,47,RRHH,48,22585,No,20,16,Intermedio,No
EMP-0291,55,Producción,109,15817,No,35,17,Básico,No
EMP-0292,55,Producción,84,13785,No,5,41,Básico,No
EMP-0293,25,Finanzas,56,29725,No,9,47,Básico,No
EMP-0294,44,Producción,49,9354,No,29,19,Avanzado,No
EMP-0295,44,Ingeniería,13,40785,No,6,13,Básico,No
EMP-0296,51,Producción,61,15233,No,25,44,Básico,No
EMP-0297,38,Producción,102,9839,Sí,31,17,Intermedio,Sí
EMP-0298,47,RRHH,49,20617,Sí,22,16,Intermedio,No
EMP-0299,50,Producción,46,17351,Sí,2,8,Avanzado,No
EMP-0300,45,Finanzas,113,31677,Sí,45,13,Básico,No
EMP-0301,50,Producción,62,9288,No,5,48,Intermedio,No
EMP-0302,22,Producción,8,9256,No,27,8,Básico,No
EMP-0303,36,Producción,43,9344,Sí,25,30,Básico,Sí
EMP-0304,21,Ingeniería,20,50954,No,8,3,Intermedio,No
EMP-0305,52,Producción,97,9463,Sí,1,17,Intermedio,No
EMP-0306,34,Logística,90,23224,No,20,58,Intermedio,No
EMP-0307,45,Producción,39,9398,No,44,19,Básico,Sí
EMP-0308,47,RRHH,85,19489,No,23,55,Básico,No
EMP-0309,46,Producción,117,9073,Sí,32,55,Básico,Sí
EMP-0310,23,Logística,49,16496,No,11,46,Avanzado,No
EMP-0311,52,Logística,64,19606,No,39,42,Básico,Sí
EMP-0312,58,Logística,62,23519,No,47,43,Básico,No
EMP-0313,54,Logística,106,18140,No,24,8,Básico,No
EMP-0314,41,Logística,107,18431,No,11,12,Intermedio,No
EMP-0315,46,Ingeniería,54,48785,Sí,29,14,Básico,No
EMP-0316,48,Producción,105,13921,No,26,26,Avanzado,No
EMP-0317,52,Producción,9,9191,No,16,9,Básico,No
EMP-0318,50,Finanzas,88,40815,No,35,27,Avanzado,No
EMP-0319,38,Ingeniería,37,37404,Sí,20,36,Básico,No
EMP-0320,49,Logística,49,17772,No,46,49,Intermedio,No
EMP-0321,40,Producción,41,12235,No,3,18,Avanzado,No
EMP-0322,50,Producción,17,9777,No,1,17,Básico,No
EMP-0323,20,Producción,88,9955,Sí,47,51,Avanzado,No
EMP-0324,35,Ingeniería,21,43196,No,1,21,Básico,No
EMP-0325,42,Producción,51,9350,Sí,17,24,Avanzado,No
EMP-0326,59,Producción,59,9830,No,2,25,Intermedio,No
EMP-0327,48,Producción,39,9988,No,29,25,Básico,No
EMP-0328,20,Producción,55,9293,No,20,45,Básico,No
EMP-0329,57,Producción,41,9581,No,6,27,Básico,No
EMP-0330,41,Producción,39,9052,No,8,39,Básico,No
EMP-0331,49,Logística,13,25399,No,29,13,Básico,No
EMP-0332,39,Producción,64,11300,Sí,48,31,Básico,Sí
EMP-0333,40,Producción,11,9134,No,33,11,Básico,No
EMP-0334,19,Producción,110,9265,No,3,2,Intermedio,No
EMP-0335,44,Producción,19,10253,No,35,1,Básico,No
EMP-0336,59,Producción,11,9157,Sí,5,11,Básico,No
EMP-0337,19,Producción,77,9066,No,27,41,Intermedio,No
EMP-0338,43,Ingeniería,46,39535,No,44,18,Básico,No
EMP-0339,34,Producción,45,9100,Sí,12,16,Básico,No
EMP-0340,57,Ingeniería,1,47775,No,20,1,Básico,No
EMP-0341,50,Logística,40,16873,Sí,45,32,Avanzado,No
EMP-0342,26,Logística,108,23863,No,20,11,Intermedio,No
EMP-0343,56,Producción,19,14317,Sí,9,19,Básico,No
EMP-0344,46,Producción,76,9981,Sí,39,55,Intermedio,No
EMP-0345,59,Producción,72,14442,No,4,2,Intermedio,No
EMP-0346,43,Producción,72,9672,No,19,42,Intermedio,No
EMP-0347,52,RRHH,61,19056,No,38,48,Intermedio,No
EMP-0348,42,Producción,117,9874,Sí,27,54,Intermedio,Sí
EMP-0349,41,Producción,109,16802,No,45,25,Básico,No
EMP-0350,30,Ingeniería,12,42982,No,43,12,Básico,No
EMP-0351,24,Ingeniería,61,42039,No,13,7,Básico,No
EMP-0352,53,Producción,112,9233,Sí,13,51,Avanzado,Sí
EMP-0353,37,Producción,33,14365,No,22,33,Intermedio,No
EMP-0354,18,Producción,45,11863,No,28,45,Intermedio,No
EMP-0355,25,Producción,90,14698,No,47,53,Avanzado,No
EMP-0356,33,Producción,103,16837,Sí,45,6,Básico,No
EMP-0357,31,Producción,92,14180,No,22,45,Intermedio,No
EMP-0358,29,Producción,69,9888,No,43,45,Intermedio,Sí
EMP-0359,40,Producción,8,17960,No,19,8,Avanzado,No
EMP-0360,32,Producción,25,14510,Sí,8,15,Avanzado,No
EMP-0361,45,Producción,91,9352,No,8,23,Intermedio,No
EMP-0362,51,Producción,46,9082,Sí,42,46,Básico,Sí
EMP-0363,19,Ingeniería,87,32830,No,26,53,Intermedio,No
EMP-0364,49,Logística,30,16481,No,48,0,Básico,No
EMP-0365,40,Producción,109,9589,Sí,26,48,Intermedio,Sí
EMP-0366,39,Producción,47,10382,No,23,24,Avanzado,No
EMP-0367,42,Producción,87,9243,Sí,43,9,Básico,Sí
EMP-0368,39,Ingeniería,49,32563,No,13,49,Intermedio,No
EMP-0369,39,Ingeniería,47,45754,No,28,15,Básico,No
EMP-0370,59,Producción,84,15661,No,9,15,Básico,No
EMP-0371,23,Finanzas,82,41193,Sí,20,57,Básico,No
EMP-0372,32,Producción,18,13381,No,19,7,Intermedio,No
EMP-0373,54,Producción,66,15734,No,48,28,Avanzado,No
EMP-0374,50,Ingeniería,68,37880,No,39,38,Avanzado,No
EMP-0375,25,Finanzas,94,56539,No,12,27,Básico,No
EMP-0376,22,Ingeniería,33,54979,No,15,5,Avanzado,Sí
EMP-0377,56,Logística,36,22170,No,31,15,Intermedio,No
EMP-0378,21,Producción,82,9537,No,14,19,Básico,No
EMP-0379,23,Logística,101,27310,Sí,11,15,Básico,No
EMP-0380,49,Producción,19,14492,No,26,6,Básico,No
EMP-0381,47,Finanzas,111,28924,No,42,40,Avanzado,No
EMP-0382,52,Producción,28,9043,No,27,13,Intermedio,No
EMP-0383,57,Logística,40,16122,No,11,40,Intermedio,No
EMP-0384,33,Producción,84,16378,No,38,25,Básico,No
EMP-0385,30,Ingeniería,113,39183,Sí,34,25,Intermedio,No
EMP-0386,59,Producción,97,9088,No,43,13,Básico,No
EMP-0387,47,Ingeniería,76,44904,No,19,6,Básico,No
EMP-0388,36,Producción,115,12649,No,6,32,Intermedio,No
EMP-0389,34,Producción,15,14257,Sí,46,15,Básico,No
EMP-0390,36,Producción,41,9870,Sí,38,41,Intermedio,Sí
EMP-0391,45,Producción,39,15732,Sí,49,39,Básico,No
EMP-0392,43,Finanzas,2,35986,No,42,2,Intermedio,No
EMP-0393,54,Producción,63,9549,Sí,28,2,Básico,No
EMP-0394,43,RRHH,29,24568,No,1,29,Intermedio,No
EMP-0395,40,Producción,105,10359,No,35,3,Básico,No
EMP-0396,26,Producción,74,11358,Sí,40,60,Básico,Sí
EMP-0397,29,Logística,66,25363,No,8,25,Avanzado,No
EMP-0398,18,Ingeniería,51,28886,No,47,10,Básico,No
EMP-0399,18,Producción,75,9210,No,7,1,Intermedio,No
EMP-0400,51,Producción,77,9761,No,11,13,Avanzado,No
EMP-0401,49,Ingeniería,10,53728,No,39,10,Básico,Sí
EMP-0402,42,Producción,14,9005,No,4,14,Básico,No
EMP-0403,57,RRHH,82,17891,No,25,48,Intermedio,No
EMP-0404,18,RRHH,51,16324,No,12,11,Avanzado,No
EMP-0405,33,Ingeniería,118,36987,Sí,26,25,Avanzado,No
EMP-0406,56,Producción,73,13663,No,38,43,Intermedio,No
EMP-0407,22,Ingeniería,39,28906,No,46,32,Intermedio,No
EMP-0408,39,Producción,28,13674,No,12,12,Básico,No
EMP-0409,46,Producción,3,17864,Sí,43,3,Avanzado,Sí
EMP-0410,20,Producción,84,17818,No,37,23,Avanzado,No
EMP-0411,29,Producción,70,9045,Sí,46,33,Básico,Sí
EMP-0412,43,Logística,27,19626,No,24,27,Básico,No
EMP-0413,33,Ingeniería,117,33980,No,16,25,Básico,No
EMP-0414,54,Ingeniería,2,39082,Sí,13,2,Básico,No
EMP-0415,39,Producción,93,12591,No,25,27,Intermedio,No
EMP-0416,46,Producción,38,9760,No,4,38,Básico,No
EMP-0417,31,Producción,3,12830,No,11,3,Básico,No
EMP-0418,45,RRHH,16,20911,No,32,16,Básico,No
EMP-0419,22,Producción,94,15742,Sí,49,1,Avanzado,Sí
EMP-0420,47,Logística,40,25735,Sí,7,40,Intermedio,No
EMP-0421,22,Producción,2,13864,Sí,46,2,Básico,No
EMP-0422,29,Producción,81,9997,No,11,22,Básico,No
EMP-0423,33,Ingeniería,41,34310,Sí,28,14,Avanzado,No
EMP-0424,43,Producción,12,17354,No,41,12,Intermedio,No
EMP-0425,43,Finanzas,35,32611,Sí,23,22,Básico,No
EMP-0426,38,Finanzas,107,56094,No,45,16,Básico,No
EMP-0427,56,Producción,65,15098,No,23,47,Básico,Sí
EMP-0428,53,Producción,55,9336,No,28,55,Básico,No
EMP-0429,50,Producción,45,9622,Sí,43,1,Intermedio,Sí
EMP-0430,47,Finanzas,79,48581,No,47,19,Avanzado,No
EMP-0431,54,Producción,90,9138,No,26,19,Básico,No
EMP-0432,40,Ingeniería,101,32480,Sí,25,58,Intermedio,No
EMP-0433,27,Ingeniería,85,40301,Sí,29,45,Básico,Sí
EMP-0434,22,Ingeniería,62,35966,No,19,2,Intermedio,No
EMP-0435,53,Producción,49,9686,No,33,49,Intermedio,Sí
EMP-0436,51,Ingeniería,95,34131,No,36,11,Básico,No
EMP-0437,48,Finanzas,25,40538,No,14,25,Básico,No
EMP-0438,27,Producción,23,14226,No,14,1,Intermedio,No
EMP-0439,36,Producción,24,9937,No,35,24,Básico,No
EMP-0440,49,RRHH,38,16497,No,30,13,Básico,No
EMP-0441,18,Producción,28,13989,No,28,15,Intermedio,No
EMP-0442,22,Logística,21,16256,No,17,18,Avanzado,No
EMP-0443,21,Producción,54,17873,No,3,33,Básico,No
EMP-0444,33,Producción,107,10410,Sí,16,43,Intermedio,No
EMP-0445,41,Finanzas,18,35131,No,46,18,Básico,No
EMP-0446,33,Producción,36,10383,Sí,30,36,Intermedio,Sí
EMP-0447,19,Producción,99,14569,No,29,5,Intermedio,No
EMP-0448,45,Producción,45,13400,No,45,12,Avanzado,No
EMP-0449,49,Producción,119,14056,No,15,35,Básico,No
EMP-0450,44,Producción,73,16117,Sí,46,21,Intermedio,No
EMP-0451,37,Producción,53,14902,No,25,17,Intermedio,No
EMP-0452,41,RRHH,102,18840,No,38,11,Básico,No
EMP-0453,29,Producción,30,10490,Sí,42,30,Básico,No
EMP-0454,52,Ingeniería,60,48097,Sí,47,58,Básico,No
EMP-0455,50,Producción,108,12461,Sí,38,53,Básico,Sí
EMP-0456,50,Logística,98,27913,Sí,23,29,Avanzado,No
EMP-0457,54,Producción,32,9955,Sí,25,32,Básico,No
EMP-0458,29,RRHH,67,17596,Sí,42,50,Básico,Sí
EMP-0459,20,Producción,67,14844,Sí,7,39,Intermedio,Sí
EMP-0460,18,Producción,28,9433,No,22,6,Básico,No
EMP-0461,50,Producción,44,16105,No,17,31,Intermedio,No
EMP-0462,57,Producción,79,9976,No,18,47,Básico,No
EMP-0463,27,Producción,41,9045,No,49,18,Avanzado,No
EMP-0464,46,Producción,63,9416,No,41,5,Avanzado,No
EMP-0465,30,Logística,23,16246,No,10,19,Avanzado,No
EMP-0466,29,Producción,104,9791,No,10,26,Básico,No
EMP-0467,48,Producción,75,16422,No,7,52,Intermedio,No
EMP-0468,19,Ingeniería,48,45281,No,48,42,Básico,Sí
EMP-0469,52,Ingeniería,32,28712,Sí,38,32,Básico,No
EMP-0470,40,Producción,57,9912,Sí,27,47,Básico,No
EMP-0471,34,Producción,118,11500,No,33,6,Intermedio,No
EMP-0472,43,Producción,100,17678,No,1,58,Básico,No
EMP-0473,25,Ingeniería,33,48109,Sí,44,4,Intermedio,No
EMP-0474,46,Ingeniería,24,45435,No,34,10,Básico,No
EMP-0475,43,Producción,39,9414,No,4,14,Básico,No
EMP-0476,27,Logística,34,17000,No,17,2,Intermedio,No
EMP-0477,43,Logística,56,19810,No,4,56,Básico,No
EMP-0478,51,Producción,28,12606,No,43,4,Intermedio,No
EMP-0479,58,Logística,37,25104,No,26,22,Básico,No
EMP-0480,24,Producción,7,9986,No,4,7,Intermedio,No
EMP-0481,21,Producción,68,9472,Sí,1,36,Intermedio,Sí
EMP-0482,28,Producción,37,10112,No,7,8,Básico,No
EMP-0483,46,Producción,56,11846,No,30,14,Básico,No
EMP-0484,53,Producción,65,9016,No,9,2,Intermedio,No
EMP-0485,42,Finanzas,65,43070,No,35,28,Intermedio,No
EMP-0486,38,Producción,47,9485,No,8,5,Básico,No
EMP-0487,53,Producción,20,9554,No,24,16,Básico,No
EMP-0488,27,Producción,19,15819,No,19,19,Avanzado,No
EMP-0489,54,Finanzas,29,29648,No,36,20,Intermedio,No
EMP-0490,26,Producción,74,9335,No,43,7,Básico,No
EMP-0491,41,Producción,60,12970,No,27,20,Básico,No
EMP-0492,52,Producción,18,9146,Sí,32,18,Básico,No
EMP-0493,52,Producción,92,16733,No,14,10,Intermedio,No
EMP-0494,53,RRHH,35,22423,No,18,35,Básico,Sí
EMP-0495,35,RRHH,43,20504,No,28,7,Avanzado,No
EMP-0496,56,Producción,111,9427,No,29,41,Básico,No
EMP-0497,49,RRHH,95,17444,No,16,23,Básico,No
EMP-0498,41,Ingeniería,91,34823,No,35,60,Intermedio,No
EMP-0499,40,Logística,11,17980,No,47,11,Avanzado,No
EMP-0500,49,Producción,49,14459,Sí,31,49,Intermedio,Sí
EMP-0501,54,Producción,113,9911,Sí,4,13,Básico,Sí
EMP-0502,29,Producción,38,13690,Sí,37,38,Intermedio,Sí
EMP-0503,30,Ingeniería,64,41547,No,17,13,Intermedio,No
EMP-0504,40,Producción,69,9204,No,39,9,Básico,No
EMP-0505,42,Producción,8,9998,No,48,8,Básico,No
EMP-0506,52,Producción,34,9669,No,46,34,Básico,Sí
EMP-0507,58,Ingeniería,48,37299,No,26,43,Básico,No
EMP-0508,47,Producción,116,13027,Sí,48,54,Avanzado,No
EMP-0509,34,Ingeniería,56,40712,No,39,45,Básico,No
EMP-0510,37,RRHH,76,22621,No,41,33,Avanzado,No
EMP-0511,42,Producción,102,13250,Sí,4,40,Intermedio,No
EMP-0512,39,Ingeniería,65,39873,Sí,30,9,Intermedio,No
EMP-0513,30,Producción,31,17595,Sí,30,31,Intermedio,Sí
EMP-0514,36,Logística,4,16383,Sí,22,4,Básico,No
EMP-0515,53,Producción,113,17871,No,11,16,Básico,No
EMP-0516,29,Ingeniería,109,29149,Sí,2,2,Básico,No
EMP-0517,58,Logística,50,19789,No,44,30,Intermedio,Sí
EMP-0518,36,Finanzas,69,30666,No,12,50,Básico,No
EMP-0519,29,Ingeniería,30,51969,No,30,0,Intermedio,No
EMP-0520,26,Producción,88,16182,No,36,11,Básico,No
EMP-0521,24,Ingeniería,59,36841,No,18,38,Básico,No
EMP-0522,45,Logística,67,18654,No,26,3,Básico,No
EMP-0523,31,Producción,75,9565,No,7,41,Avanzado,No
EMP-0524,48,Producción,45,9964,Sí,1,12,Intermedio,Sí
EMP-0525,36,Finanzas,4,43227,No,26,4,Básico,No
EMP-0526,33,Ingeniería,26,40312,Sí,23,26,Intermedio,No
EMP-0527,22,Ingeniería,27,28656,No,26,20,Básico,No
EMP-0528,52,Producción,46,9963,Sí,45,21,Avanzado,Sí
EMP-0529,29,Ingeniería,118,39020,No,6,56,Intermedio,No
EMP-0530,42,Producción,107,11557,No,6,3,Básico,No
EMP-0531,38,Ingeniería,64,45387,No,44,17,Intermedio,No
EMP-0532,53,Producción,91,9624,No,8,4,Básico,No
EMP-0533,40,Ingeniería,106,28777,No,24,18,Avanzado,No
EMP-0534,33,RRHH,51,23023,Sí,22,1,Básico,No
EMP-0535,56,Producción,50,11530,Sí,19,11,Intermedio,Sí
EMP-0536,59,RRHH,6,23700,No,37,6,Básico,No
EMP-0537,56,Producción,59,9259,No,18,9,Intermedio,No
EMP-0538,31,Finanzas,15,42764,No,31,15,Intermedio,No
EMP-0539,48,Logística,117,19758,No,37,5,Intermedio,No
EMP-0540,22,Producción,30,15047,No,30,7,Intermedio,No
EMP-0541,52,Ingeniería,42,30338,No,42,42,Avanzado,No
EMP-0542,40,Finanzas,101,30233,Sí,33,50,Básico,No
EMP-0543,46,Producción,37,9491,Sí,10,10,Básico,No
EMP-0544,28,Producción,42,17139,Sí,37,42,Básico,No
EMP-0545,35,Ingeniería,101,30332,No,12,11,Avanzado,No
EMP-0546,29,Logística,35,17123,No,30,8,Básico,No
EMP-0547,26,Logística,87,18937,No,27,1,Intermedio,No
EMP-0548,27,Logística,6,22289,No,39,6,Intermedio,No
EMP-0549,34,Producción,68,9730,No,9,57,Básico,Sí
EMP-0550,55,Logística,18,26224,No,21,10,Básico,No
EMP-0551,24,Producción,73,14853,No,12,59,Básico,No
EMP-0552,30,Producción,113,14452,Sí,29,52,Básico,No
EMP-0553,57,Producción,29,13243,Sí,33,29,Básico,No
EMP-0554,59,Producción,77,9281,No,43,9,Básico,No
EMP-0555,26,Producción,59,9226,No,15,20,Avanzado,No
EMP-0556,44,Producción,47,13339,No,2,19,Avanzado,No
EMP-0557,19,Ingeniería,116,47783,Sí,39,47,Básico,Sí
EMP-0558,22,Producción,17,13521,No,44,7,Básico,No
EMP-0559,46,Producción,109,17574,Sí,18,35,Básico,No
EMP-0560,54,Producción,96,9944,Sí,3,28,Intermedio,No
EMP-0561,55,Producción,112,15905,No,7,41,Intermedio,No
EMP-0562,36,Producción,22,17214,No,43,11,Básico,No
EMP-0563,25,Producción,68,17937,No,18,60,Básico,No
EMP-0564,18,Ingeniería,69,35664,No,44,13,Intermedio,No
EMP-0565,39,Ingeniería,37,55523,No,38,37,Intermedio,No
EMP-0566,34,Ingeniería,105,45633,No,37,53,Básico,No
EMP-0567,24,Producción,49,9324,Sí,33,49,Intermedio,No
EMP-0568,42,Producción,13,9079,No,44,13,Básico,No
EMP-0569,21,Logística,34,19183,No,31,21,Básico,No
EMP-0570,53,Producción,109,9716,No,11,20,Intermedio,No
EMP-0571,23,Producción,86,14472,No,4,43,Intermedio,No
EMP-0572,48,Producción,53,9478,Sí,18,49,Básico,Sí
EMP-0573,36,Producción,87,9698,No,4,29,Avanzado,No
EMP-0574,56,Producción,51,9929,No,49,38,Básico,Sí
EMP-0575,44,Producción,3,14467,No,34,3,Intermedio,No
EMP-0576,27,Producción,42,9991,No,29,23,Básico,No
EMP-0577,43,Producción,98,9993,No,24,22,Avanzado,No
EMP-0578,36,Ingeniería,32,43288,No,22,6,Avanzado,No
EMP-0579,56,Logística,109,19398,No,2,8,Básico,No
EMP-0580,20,Logística,51,16469,Sí,44,0,Avanzado,Sí
EMP-0581,30,Ingeniería,113,42807,No,6,25,Intermedio,No
EMP-0582,45,RRHH,85,19985,No,42,37,Intermedio,No
EMP-0583,37,Producción,46,9308,No,25,37,Básico,No
EMP-0584,45,Producción,108,9964,No,21,53,Intermedio,No
EMP-0585,25,Producción,21,17709,No,16,21,Avanzado,No
EMP-0586,58,Ingeniería,44,40020,No,31,43,Básico,No
EMP-0587,56,Finanzas,11,39013,No,14,11,Avanzado,No
EMP-0588,18,Producción,103,9196,No,39,43,Básico,No
EMP-0589,20,Finanzas,68,40730,Sí,28,9,Básico,No
EMP-0590,30,Producción,115,16820,No,32,54,Intermedio,No
EMP-0591,45,Finanzas,1,34655,No,28,1,Intermedio,No
EMP-0592,42,Producción,92,10289,No,49,5,Intermedio,No
EMP-0593,50,Producción,63,9527,Sí,9,16,Básico,Sí
EMP-0594,55,Producción,24,17575,No,45,24,Avanzado,No
EMP-0595,23,Producción,99,15242,No,22,49,Básico,No
EMP-0596,49,Producción,13,13134,Sí,32,13,Básico,No
EMP-0597,38,Producción,111,9041,No,5,23,Básico,No
EMP-0598,33,Logística,98,19817,No,23,50,Intermedio,No
EMP-0599,38,Producción,11,17187,No,5,9,Avanzado,No
EMP-0600,28,Producción,100,16154,No,42,55,Intermedio,No
EMP-0601,54,Ingeniería,51,37496,No,32,7,Intermedio,No
EMP-0602,53,Ingeniería,17,46893,No,10,17,Básico,Sí
EMP-0603,52,Producción,99,12529,No,39,55,Intermedio,Sí
EMP-0604,36,Producción,82,9456,Sí,15,5,Básico,No
EMP-0605,37,Producción,104,10711,Sí,7,20,Básico,No
EMP-0606,35,Producción,86,9020,No,29,56,Básico,Sí
EMP-0607,58,Ingeniería,24,34958,Sí,47,24,Intermedio,Sí
EMP-0608,31,Producción,19,9416,No,3,19,Intermedio,No
EMP-0609,32,Producción,37,15536,No,19,32,Intermedio,No
EMP-0610,48,Ingeniería,103,30431,No,10,58,Básico,Sí
EMP-0611,18,Producción,85,9809,No,28,17,Básico,No
EMP-0612,20,Producción,8,15817,No,29,8,Intermedio,No
EMP-0613,33,Producción,28,9257,No,15,27,Básico,No
EMP-0614,40,RRHH,5,23092,No,35,5,Avanzado,No
EMP-0615,28,Producción,17,16538,Sí,6,17,Intermedio,Sí
EMP-0616,29,Logística,101,26577,No,12,31,Básico,No
EMP-0617,27,Producción,36,16534,No,47,11,Avanzado,No
EMP-0618,49,Producción,118,17156,No,38,47,Intermedio,No
EMP-0619,33,Ingeniería,19,41970,No,13,19,Básico,No
EMP-0620,25,RRHH,64,18787,Sí,29,26,Intermedio,No
EMP-0621,55,Ingeniería,91,55169,No,19,9,Básico,No
EMP-0622,29,Logística,117,22541,No,3,45,Intermedio,No
EMP-0623,41,Finanzas,98,40269,No,8,56,Intermedio,Sí
EMP-0624,45,Producción,11,9639,No,8,11,Avanzado,No
EMP-0625,25,Producción,54,15496,No,20,41,Intermedio,No
EMP-0626,45,Ingeniería,45,33156,No,47,31,Básico,No
EMP-0627,53,Producción,47,9800,No,4,41,Intermedio,No
EMP-0628,43,Logística,12,16380,No,21,12,Básico,No
EMP-0629,25,Finanzas,118,56584,No,3,24,Intermedio,No
EMP-0630,45,Producción,21,15593,Sí,45,10,Intermedio,No
EMP-0631,45,Producción,118,16390,No,8,22,Básico,No
EMP-0632,54,Logística,11,17651,No,23,11,Básico,No
EMP-0633,58,Producción,103,13854,Sí,16,56,Avanzado,Sí
EMP-0634,53,Logística,92,23664,Sí,13,51,Avanzado,Sí
EMP-0635,44,Producción,5,9701,No,3,5,Básico,No
EMP-0636,34,Ingeniería,81,31931,No,48,22,Básico,No
EMP-0637,26,Producción,56,17920,No,9,28,Básico,No
EMP-0638,50,Ingeniería,20,36097,No,14,20,Avanzado,No
EMP-0639,37,Producción,41,12709,Sí,13,6,Básico,No
EMP-0640,30,Producción,46,16057,Sí,7,39,Intermedio,Sí
EMP-0641,45,Producción,12,9272,Sí,15,12,Básico,Sí
EMP-0642,46,Ingeniería,70,45224,Sí,7,20,Intermedio,No
EMP-0643,30,Logística,17,17660,Sí,38,1,Básico,No
EMP-0644,52,Producción,115,11537,No,34,17,Intermedio,No
EMP-0645,23,Producción,19,9808,No,41,19,Básico,No
EMP-0646,35,Producción,26,14443,Sí,22,26,Intermedio,No
EMP-0647,22,Ingeniería,48,50785,Sí,24,36,Básico,No
EMP-0648,42,Ingeniería,108,34482,No,49,33,Intermedio,No
EMP-0649,19,Producción,108,15160,Sí,37,19,Avanzado,No
EMP-0650,27,Producción,52,9024,No,44,34,Básico,Sí
EMP-0651,47,Producción,96,15719,No,1,50,Avanzado,No
EMP-0652,22,Producción,70,13410,No,10,49,Intermedio,No
EMP-0653,50,Producción,55,17167,No,43,55,Básico,Sí
EMP-0654,18,RRHH,100,25170,Sí,16,53,Básico,No
EMP-0655,35,Producción,102,15255,No,46,17,Básico,No
EMP-0656,49,Ingeniería,75,33967,No,8,45,Intermedio,No
EMP-0657,28,Producción,33,17497,No,49,23,Intermedio,No
EMP-0658,38,Producción,62,9746,Sí,25,7,Básico,No
EMP-0659,43,Ingeniería,88,31439,No,12,60,Intermedio,Sí
EMP-0660,42,Ingeniería,23,48598,No,25,23,Intermedio,No
EMP-0661,39,RRHH,15,19983,No,17,15,Avanzado,No
EMP-0662,44,Producción,27,9143,No,26,27,Intermedio,No
EMP-0663,30,Producción,75,9740,No,46,9,Avanzado,No
EMP-0664,50,Ingeniería,64,57533,No,48,22,Intermedio,No
EMP-0665,51,Producción,115,15797,No,14,51,Básico,No
EMP-0666,58,Producción,114,9770,No,41,48,Intermedio,No
EMP-0667,52,Producción,81,10377,No,36,10,Básico,No
EMP-0668,18,Producción,51,11464,No,23,1,Básico,No
EMP-0669,38,Finanzas,53,50585,No,43,53,Básico,No
EMP-0670,23,Producción,78,9028,No,6,25,Intermedio,No
EMP-0671,45,Producción,91,15636,No,47,35,Intermedio,No
EMP-0672,34,Producción,82,9055,No,5,32,Básico,No
EMP-0673,22,Producción,92,9066,No,43,46,Básico,No
EMP-0674,48,Producción,51,16883,No,25,12,Básico,No
EMP-0675,22,Producción,47,9605,No,18,39,Intermedio,No
EMP-0676,55,Producción,111,9956,No,13,24,Básico,No
EMP-0677,20,Logística,4,17589,Sí,43,3,Intermedio,Sí
EMP-0678,40,Producción,7,15869,No,14,7,Básico,No
EMP-0679,54,Producción,109,9609,No,28,18,Básico,No
EMP-0680,54,Finanzas,35,35396,Sí,18,17,Básico,No
EMP-0681,27,Ingeniería,48,32863,No,28,36,Básico,No
EMP-0682,27,Producción,73,12934,No,27,29,Avanzado,No
EMP-0683,36,Producción,72,9200,Sí,32,18,Básico,No
EMP-0684,34,Producción,116,11504,No,47,57,Básico,No
EMP-0685,38,Ingeniería,45,34900,No,9,22,Básico,No
EMP-0686,31,RRHH,81,23243,No,40,58,Básico,Sí
EMP-0687,26,Ingeniería,81,55275,No,32,53,Básico,No
EMP-0688,18,Producción,113,17852,Sí,20,15,Básico,No
EMP-0689,30,Ingeniería,97,42093,Sí,28,0,Intermedio,No
EMP-0690,21,Producción,96,16089,No,33,11,Intermedio,No
EMP-0691,18,Producción,72,10007,No,4,23,Básico,No
EMP-0692,57,Producción,19,17583,No,46,19,Básico,No
EMP-0693,49,RRHH,63,23153,Sí,34,52,Avanzado,Sí
EMP-0694,51,Producción,38,9261,No,48,38,Básico,No
EMP-0695,45,Ingeniería,67,31279,Sí,3,7,Básico,No
EMP-0696,48,Producción,59,14266,Sí,26,17,Básico,No
EMP-0697,25,Producción,69,15231,No,8,56,Básico,No
EMP-0698,56,Producción,13,17360,No,6,13,Intermedio,No
EMP-0699,43,Producción,47,10622,No,16,4,Básico,No
EMP-0700,51,Logística,110,24210,No,24,25,Intermedio,No
EMP-0701,20,Producción,61,10154,No,48,29,Básico,No
EMP-0702,29,Ingeniería,31,57617,No,39,31,Básico,No
EMP-0703,18,Logística,119,27149,No,30,12,Intermedio,No
EMP-0704,22,Finanzas,80,33607,No,45,18,Básico,No
EMP-0705,47,Producción,114,17527,No,13,28,Intermedio,No
EMP-0706,47,Producción,96,11039,No,5,2,Básico,No
EMP-0707,34,Producción,22,9860,Sí,25,22,Intermedio,Sí
EMP-0708,40,RRHH,93,16849,No,20,39,Básico,No
EMP-0709,32,Finanzas,86,38545,Sí,18,58,Avanzado,No
EMP-0710,54,Producción,43,11832,No,47,43,Básico,No
EMP-0711,38,Logística,67,20330,No,18,57,Avanzado,No
EMP-0712,31,Producción,54,17039,Sí,2,11,Básico,No
EMP-0713,19,Ingeniería,10,34435,Sí,10,1,Intermedio,No
EMP-0714,28,Producción,42,12017,No,45,10,Básico,No
EMP-0715,56,Logística,64,20627,No,47,43,Avanzado,Sí
EMP-0716,55,Producción,21,14720,Sí,12,21,Básico,No
EMP-0717,51,Logística,80,18131,No,47,17,Básico,No
EMP-0718,55,Logística,76,20517,No,13,12,Básico,No
EMP-0719,51,Ingeniería,66,43771,No,47,36,Básico,No
EMP-0720,35,Producción,41,12152,No,11,21,Básico,No
EMP-0721,47,Producción,24,9338,No,19,11,Avanzado,No
EMP-0722,32,Producción,35,10900,No,35,1,Avanzado,No
EMP-0723,44,Producción,56,9606,No,39,36,Básico,No
EMP-0724,51,Producción,30,15077,No,26,6,Avanzado,No
EMP-0725,55,Finanzas,57,28502,Sí,46,25,Intermedio,No
EMP-0726,50,Producción,94,9821,Sí,14,25,Básico,Sí
EMP-0727,41,Producción,47,11887,Sí,45,23,Intermedio,Sí
EMP-0728,32,Producción,35,15051,No,44,11,Intermedio,No
EMP-0729,47,Producción,19,11986,No,24,15,Avanzado,No
EMP-0730,59,Ingeniería,114,39917,No,41,22,Básico,No
EMP-0731,34,Producción,8,9123,No,1,8,Intermedio,No
EMP-0732,22,Finanzas,26,49368,No,43,26,Básico,No
EMP-0733,46,Producción,113,9879,Sí,22,8,Básico,No
EMP-0734,21,RRHH,104,26600,Sí,23,31,Básico,No
EMP-0735,27,Logística,71,18742,No,19,14,Avanzado,No
EMP-0736,34,Producción,30,9182,No,18,30,Intermedio,No
EMP-0737,27,Finanzas,7,37212,No,12,7,Intermedio,No
EMP-0738,34,Producción,67,11860,No,28,4,Intermedio,No
EMP-0739,37,Logística,65,25161,Sí,28,10,Básico,Sí
EMP-0740,41,Producción,36,16384,No,33,9,Básico,No
EMP-0741,22,Finanzas,25,51877,No,19,25,Básico,No
EMP-0742,51,Logística,37,25595,No,28,12,Básico,Sí
EMP-0743,23,Logística,1,21096,Sí,49,1,Intermedio,Sí
EMP-0744,19,Logística,15,16623,No,37,15,Intermedio,No
EMP-0745,30,Producción,37,11080,Sí,26,37,Básico,No
EMP-0746,28,Producción,13,17704,No,35,13,Básico,No
EMP-0747,40,Producción,104,16482,Sí,34,14,Básico,No
EMP-0748,33,Producción,8,10793,No,35,8,Básico,No
EMP-0749,48,Ingeniería,5,29212,No,40,5,Avanzado,No
EMP-0750,28,Producción,60,9960,No,16,6,Intermedio,No
EMP-0751,33,RRHH,73,19659,Sí,38,39,Intermedio,Sí
EMP-0752,25,Ingeniería,1,45471,Sí,13,1,Básico,No
EMP-0753,21,Logística,36,17440,Sí,23,31,Básico,No
EMP-0754,57,Producción,35,12222,Sí,22,34,Básico,Sí
EMP-0755,21,Logística,66,18492,Sí,16,14,Avanzado,No
EMP-0756,42,Finanzas,63,37362,No,28,47,Intermedio,Sí
EMP-0757,20,Producción,104,9526,Sí,48,35,Básico,Sí
EMP-0758,49,Ingeniería,23,29292,Sí,35,20,Intermedio,No
EMP-0759,20,Logística,9,16187,No,45,5,Básico,No
EMP-0760,44,Producción,34,16759,No,46,0,Intermedio,No
EMP-0761,46,Producción,46,12336,No,8,3,Avanzado,No
EMP-0762,49,Producción,78,16547,Sí,44,10,Intermedio,No
EMP-0763,36,Producción,4,9302,No,22,4,Intermedio,No
EMP-0764,38,Producción,30,9437,Sí,21,25,Básico,No
EMP-0765,22,Producción,95,14833,No,26,60,Básico,No
EMP-0766,35,Producción,102,9516,No,40,36,Básico,No
EMP-0767,45,Producción,75,9502,Sí,21,22,Básico,Sí
EMP-0768,59,RRHH,99,21125,No,25,28,Intermedio,No
EMP-0769,39,Producción,72,16723,Sí,41,20,Intermedio,No
EMP-0770,38,RRHH,3,16137,Sí,1,3,Básico,No
EMP-0771,23,Producción,14,9839,No,6,14,Intermedio,No
EMP-0772,18,Producción,60,9683,No,23,44,Básico,No
EMP-0773,22,Producción,77,9039,No,23,48,Básico,No
EMP-0774,58,Producción,45,9662,Sí,43,26,Básico,Sí
EMP-0775,29,Producción,96,9085,No,43,38,Básico,No
EMP-0776,43,Ingeniería,34,36769,No,23,34,Básico,No
EMP-0777,51,Producción,45,9380,Sí,32,12,Básico,Sí
EMP-0778,31,Ingeniería,61,32355,Sí,30,22,Básico,No
EMP-0779,43,Ingeniería,83,37332,Sí,13,58,Avanzado,No
EMP-0780,44,Producción,102,9795,Sí,43,15,Básico,Sí
EMP-0781,26,Producción,16,15463,No,18,16,Básico,No
EMP-0782,43,Logística,66,23031,No,23,60,Básico,No
EMP-0783,39,Producción,40,9143,No,15,3,Intermedio,No
EMP-0784,47,Producción,17,17013,No,33,17,Básico,No
EMP-0785,34,RRHH,119,26893,No,21,15,Intermedio,No
EMP-0786,43,Producción,34,9324,Sí,39,30,Intermedio,Sí
EMP-0787,53,Ingeniería,106,29883,No,23,52,Intermedio,No
EMP-0788,18,RRHH,16,16017,Sí,27,16,Intermedio,Sí
EMP-0789,25,Producción,102,9866,Sí,45,24,Básico,Sí
EMP-0790,52,Producción,60,9742,No,44,43,Básico,Sí
EMP-0791,32,Producción,66,9827,No,18,11,Básico,No
EMP-0792,39,Producción,66,9216,No,24,25,Intermedio,No
EMP-0793,31,Producción,90,9868,Sí,47,36,Básico,Sí
EMP-0794,43,Ingeniería,13,45090,Sí,40,13,Básico,No
EMP-0795,45,Producción,56,14445,Sí,42,32,Avanzado,Sí
EMP-0796,40,Producción,111,9190,No,7,27,Básico,No
EMP-0797,31,RRHH,31,17936,No,48,8,Intermedio,No
EMP-0798,41,Logística,34,19654,No,20,11,Intermedio,No
EMP-0799,19,Ingeniería,39,43413,Sí,27,4,Básico,No
EMP-0800,43,Producción,67,16124,No,6,53,Básico,No
EMP-0801,31,Ingeniería,8,50413,No,27,8,Básico,No
EMP-0802,24,Producción,87,9835,No,9,53,Intermedio,No
EMP-0803,20,Producción,78,9159,No,45,27,Intermedio,Sí
EMP-0804,40,Producción,55,9734,No,31,55,Intermedio,No
EMP-0805,35,Finanzas,27,29189,No,21,27,Avanzado,No
EMP-0806,55,Producción,118,13247,Sí,26,4,Intermedio,Sí
EMP-0807,52,Producción,93,9740,No,40,33,Básico,No
EMP-0808,32,Producción,103,16368,Sí,48,45,Básico,No
EMP-0809,42,Producción,53,9717,No,45,33,Intermedio,Sí
EMP-0810,54,Logística,39,17826,No,13,12,Básico,No
EMP-0811,45,Ingeniería,65,45090,No,49,38,Básico,Sí
EMP-0812,27,Logística,17,20717,No,23,17,Intermedio,No
EMP-0813,56,Producción,105,12355,No,20,44,Básico,No
EMP-0814,34,Producción,30,17730,No,37,30,Avanzado,No
EMP-0815,56,Producción,53,9675,No,28,53,Intermedio,No
EMP-0816,39,Producción,13,9297,No,17,13,Básico,No
EMP-0817,43,Producción,21,12319,No,28,10,Avanzado,No
EMP-0818,42,Logística,19,23539,No,41,19,Básico,No
EMP-0819,34,Producción,53,9705,No,2,37,Básico,No
EMP-0820,30,Producción,19,13767,No,25,3,Básico,No
EMP-0821,37,Producción,57,9872,No,41,52,Básico,Sí
EMP-0822,42,Producción,25,16551,No,6,25,Básico,No
EMP-0823,21,Producción,86,9591,Sí,11,6,Básico,No
EMP-0824,27,RRHH,31,17719,Sí,38,31,Básico,Sí
EMP-0825,20,Logística,81,22694,No,6,40,Básico,No
EMP-0826,58,RRHH,55,18411,Sí,45,7,Intermedio,No
EMP-0827,35,Producción,23,9145,No,11,23,Intermedio,No
EMP-0828,53,Producción,32,17529,No,14,32,Básico,No
EMP-0829,39,Producción,62,9263,No,2,9,Básico,Sí
EMP-0830,51,Producción,74,17719,No,40,42,Básico,No
EMP-0831,25,Logística,10,27075,No,3,10,Básico,No
EMP-0832,57,Producción,100,10975,No,35,14,Intermedio,Sí
EMP-0833,36,Producción,72,13442,No,33,37,Intermedio,Sí
EMP-0834,59,Producción,54,9917,No,24,14,Básico,No
EMP-0835,58,Producción,52,10244,No,19,4,Básico,No
EMP-0836,54,Ingeniería,20,41146,Sí,18,20,Básico,No
EMP-0837,23,Producción,32,9016,No,49,18,Intermedio,Sí
EMP-0838,43,Producción,114,10483,No,24,53,Básico,Sí
EMP-0839,51,Producción,14,9501,Sí,45,14,Avanzado,Sí
EMP-0840,23,Producción,50,15231,No,35,9,Intermedio,No
EMP-0841,54,Logística,28,18926,No,1,11,Básico,No
EMP-0842,50,Finanzas,110,40926,Sí,36,53,Intermedio,No
EMP-0843,39,RRHH,116,18024,No,25,3,Avanzado,No
EMP-0844,38,Logística,53,16162,Sí,45,30,Intermedio,Sí
EMP-0845,23,Producción,24,9501,Sí,49,17,Básico,Sí
EMP-0846,23,Ingeniería,79,39431,No,43,15,Básico,No
EMP-0847,21,Producción,22,16953,No,34,22,Intermedio,No
EMP-0848,47,Producción,30,9532,No,25,30,Intermedio,No
EMP-0849,28,Logística,63,23050,No,16,24,Intermedio,No
EMP-0850,47,Producción,4,9338,No,34,4,Avanzado,No
EMP-0851,48,Finanzas,77,28332,No,29,11,Avanzado,No
EMP-0852,41,Producción,59,9704,Sí,19,33,Avanzado,No
EMP-0853,26,Ingeniería,87,54016,No,23,35,Básico,No
EMP-0854,20,Ingeniería,8,42748,Sí,19,8,Intermedio,No
EMP-0855,48,Finanzas,82,40331,Sí,25,2,Intermedio,No
EMP-0856,57,Ingeniería,12,38187,No,16,8,Intermedio,No
EMP-0857,54,Ingeniería,119,45985,Sí,9,60,Intermedio,No
EMP-0858,53,Producción,31,10561,Sí,1,31,Básico,No
EMP-0859,41,Producción,78,9412,Sí,42,17,Intermedio,No
EMP-0860,48,Producción,34,9428,No,19,34,Intermedio,No
EMP-0861,23,Ingeniería,82,33875,No,33,34,Básico,No
EMP-0862,19,Producción,98,9838,No,34,56,Básico,No
EMP-0863,37,Ingeniería,75,37910,No,16,54,Básico,No
EMP-0864,45,Producción,105,9050,No,44,33,Básico,No
EMP-0865,28,Producción,76,9066,No,40,40,Básico,Sí
EMP-0866,21,Ingeniería,49,47691,Sí,18,13,Básico,No
EMP-0867,32,Producción,79,13752,No,34,3,Intermedio,No
EMP-0868,23,Producción,57,9141,No,25,28,Intermedio,No
EMP-0869,47,Producción,95,15495,No,45,40,Intermedio,No
EMP-0870,55,RRHH,113,19959,No,6,44,Intermedio,No
EMP-0871,19,Ingeniería,93,28672,No,21,49,Básico,Sí
EMP-0872,32,Producción,26,9126,No,6,14,Básico,No
EMP-0873,28,Producción,18,9444,No,32,18,Avanzado,No
EMP-0874,25,Producción,96,9463,No,41,41,Básico,Sí
EMP-0875,43,Logística,86,18287,No,48,15,Avanzado,No
EMP-0876,22,Ingeniería,38,40009,No,43,11,Intermedio,Sí
EMP-0877,23,Producción,81,9496,No,39,51,Intermedio,No
EMP-0878,43,Producción,87,16733,No,31,4,Avanzado,No
EMP-0879,21,Producción,88,10494,Sí,42,33,Básico,Sí
EMP-0880,36,Ingeniería,50,37427,No,10,41,Básico,Sí
EMP-0881,37,Logística,8,18723,Sí,30,0,Intermedio,No
EMP-0882,50,Producción,41,9665,No,18,38,Básico,Sí
EMP-0883,37,Producción,6,10550,No,24,6,Avanzado,No
EMP-0884,29,Producción,69,14255,No,9,25,Básico,No
EMP-0885,18,RRHH,44,24095,Sí,31,16,Intermedio,Sí
EMP-0886,43,Producción,64,14478,No,15,47,Intermedio,No
EMP-0887,31,Logística,29,16189,Sí,4,29,Intermedio,No
EMP-0888,55,Ingeniería,28,46756,No,40,26,Básico,No
EMP-0889,54,Producción,11,15664,No,9,11,Básico,No
EMP-0890,28,Producción,65,10133,No,45,34,Intermedio,No
EMP-0891,53,Producción,107,9509,No,9,45,Básico,No
EMP-0892,30,Ingeniería,19,34553,No,26,19,Intermedio,No
EMP-0893,20,Logística,9,25317,Sí,4,9,Intermedio,No
EMP-0894,50,Ingeniería,27,49187,Sí,17,27,Intermedio,No
EMP-0895,23,Producción,34,9258,No,16,25,Intermedio,No
EMP-0896,27,Producción,44,14299,No,15,44,Básico,No
EMP-0897,22,RRHH,68,24561,No,35,37,Intermedio,No
EMP-0898,40,Logística,100,27573,Sí,5,22,Avanzado,No
EMP-0899,27,Producción,82,9588,No,5,21,Básico,No
EMP-0900,19,RRHH,15,22175,No,20,3,Avanzado,No
EMP-0901,30,Ingeniería,51,36995,No,15,48,Básico,No
EMP-0902,57,Producción,13,10008,Sí,18,13,Básico,No
EMP-0903,19,Ingeniería,83,32415,Sí,47,8,Básico,No
EMP-0904,37,Logística,49,23263,No,2,3,Avanzado,No
EMP-0905,18,Ingeniería,70,52205,No,29,6,Básico,No
EMP-0906,54,Producción,112,16845,Sí,13,22,Avanzado,Sí
EMP-0907,26,Producción,56,9925,No,4,1,Avanzado,No
EMP-0908,34,Finanzas,76,28715,No,42,48,Básico,No
EMP-0909,26,Producción,51,13762,No,45,23,Básico,No
EMP-0910,28,Producción,37,9481,No,10,37,Intermedio,No
EMP-0911,32,Producción,17,11459,No,31,17,Básico,No
EMP-0912,41,Producción,58,9248,Sí,41,30,Intermedio,No
EMP-0913,55,Ingeniería,87,40761,No,8,46,Básico,No
EMP-0914,52,Finanzas,90,37898,No,3,30,Básico,No
EMP-0915,47,Producción,29,9272,Sí,48,29,Intermedio,Sí
EMP-0916,48,Producción,33,15273,Sí,46,33,Básico,Sí
EMP-0917,22,Producción,60,9947,No,9,47,Básico,No
EMP-0918,31,Finanzas,91,43256,Sí,30,50,Básico,No
EMP-0919,28,Ingeniería,89,40868,Sí,11,42,Básico,Sí
EMP-0920,26,Producción,55,16788,Sí,35,33,Intermedio,Sí
EMP-0921,51,Logística,10,17013,Sí,37,10,Intermedio,No
EMP-0922,29,Logística,47,17223,No,42,23,Básico,No
EMP-0923,52,Logística,23,18590,No,13,23,Intermedio,No
EMP-0924,52,Finanzas,85,32587,No,36,59,Intermedio,No
EMP-0925,18,Producción,21,16762,Sí,13,21,Básico,Sí
EMP-0926,57,Logística,107,16415,Sí,12,15,Básico,No
EMP-0927,39,Producción,13,16077,No,37,13,Avanzado,No
EMP-0928,46,Logística,101,19954,No,10,46,Intermedio,No
EMP-0929,25,Ingeniería,33,44253,No,9,12,Intermedio,No
EMP-0930,28,Logística,24,23143,No,7,14,Intermedio,No
EMP-0931,58,Ingeniería,108,52610,No,2,26,Básico,No
EMP-0932,54,Producción,11,9760,Sí,23,3,Intermedio,No
EMP-0933,31,Producción,17,9958,No,39,15,Intermedio,No
EMP-0934,47,RRHH,68,22947,No,40,29,Intermedio,No
EMP-0935,52,Finanzas,47,32974,No,39,43,Básico,Sí
EMP-0936,38,Producción,25,16971,Sí,21,25,Básico,No
EMP-0937,54,Producción,94,17729,No,23,35,Básico,No
EMP-0938,22,Producción,73,9761,No,29,2,Avanzado,No
EMP-0939,36,Ingeniería,21,29806,Sí,14,21,Básico,No
EMP-0940,31,Logística,84,17568,Sí,26,48,Básico,Sí
EMP-0941,43,Producción,83,9814,Sí,5,21,Básico,Sí
EMP-0942,21,Producción,83,9704,No,31,49,Básico,No
EMP-0943,42,Logística,12,22939,Sí,25,12,Intermedio,No
EMP-0944,59,Ingeniería,37,36595,No,31,37,Intermedio,No
EMP-0945,42,Producción,42,9031,No,20,42,Intermedio,No
EMP-0946,35,Producción,17,17391,No,44,17,Básico,No
EMP-0947,57,Producción,101,16049,No,17,48,Intermedio,No
EMP-0948,25,Producción,118,9135,No,45,11,Básico,No
EMP-0949,56,Producción,48,9984,Sí,2,48,Básico,No
EMP-0950,57,Ingeniería,103,29830,Sí,25,20,Básico,No
EMP-0951,31,Finanzas,28,37204,Sí,13,28,Básico,No
EMP-0952,49,Ingeniería,41,38811,No,39,3,Básico,No
EMP-0953,55,Logística,99,25976,Sí,28,30,Intermedio,No
EMP-0954,50,Producción,47,9442,Sí,42,43,Intermedio,Sí
EMP-0955,40,Producción,112,9527,No,6,30,Intermedio,No
EMP-0956,32,Producción,18,9761,No,3,18,Básico,No
EMP-0957,50,Producción,78,9074,Sí,35,22,Básico,No
EMP-0958,42,Ingeniería,99,36794,Sí,18,53,Básico,No
EMP-0959,34,RRHH,108,16318,Sí,11,52,Avanzado,No
EMP-0960,50,Producción,105,14698,No,20,19,Intermedio,No
EMP-0961,19,Producción,71,10847,No,5,14,Intermedio,No
EMP-0962,31,Logística,105,18089,Sí,19,22,Básico,No
EMP-0963,57,Producción,13,9726,Sí,22,13,Intermedio,No
EMP-0964,57,Producción,82,9955,Sí,19,15,Básico,Sí
EMP-0965,56,Ingeniería,101,32387,Sí,47,36,Intermedio,No
EMP-0966,23,Ingeniería,13,57824,No,16,13,Avanzado,No
EMP-0967,23,Producción,100,13959,No,24,14,Avanzado,No
EMP-0968,20,Producción,31,14074,No,41,16,Intermedio,Sí
EMP-0969,24,Logística,2,16757,No,4,2,Básico,No
EMP-0970,25,Producción,16,14208,Sí,15,16,Avanzado,Sí
EMP-0971,59,Producción,9,9220,No,25,9,Intermedio,No
EMP-0972,32,Logística,73,26379,No,44,18,Básico,No
EMP-0973,46,Producción,38,9770,No,35,29,Básico,No
EMP-0974,50,Ingeniería,75,29660,No,14,44,Básico,No
EMP-0975,47,Producción,54,17007,Sí,49,17,Básico,Sí
EMP-0976,56,RRHH,56,19818,Sí,19,13,Básico,No
EMP-0977,44,Producción,86,14332,Sí,38,35,Intermedio,Sí
EMP-0978,53,Producción,97,9583,No,36,35,Básico,No
EMP-0979,46,Producción,100,15692,No,7,19,Básico,Sí
EMP-0980,55,Producción,109,11139,No,30,51,Intermedio,No
EMP-0981,50,Finanzas,87,44420,No,19,18,Intermedio,No
EMP-0982,54,RRHH,45,21269,No,49,44,Intermedio,No
EMP-0983,44,Producción,109,11018,No,25,43,Básico,No
EMP-0984,50,Producción,34,9426,Sí,16,6,Avanzado,Sí
EMP-0985,21,Ingeniería,9,33741,No,47,9,Avanzado,No
EMP-0986,39,Finanzas,88,36066,Sí,40,43,Básico,No
EMP-0987,19,Producción,8,17068,No,8,8,Básico,Sí
EMP-0988,27,Producción,7,17894,No,18,3,Intermedio,No
EMP-0989,22,Producción,36,13346,Sí,28,36,Intermedio,No
EMP-0990,27,Ingeniería,18,50693,No,16,18,Avanzado,No
EMP-0991,50,Producción,3,9104,No,19,1,Avanzado,No
EMP-0992,55,Ingeniería,28,34078,No,42,4,Intermedio,No
EMP-0993,30,Producción,70,9428,No,17,54,Intermedio,No
EMP-0994,48,Logística,108,18936,No,45,9,Básico,No
EMP-0995,53,Producción,44,17379,Sí,13,31,Básico,No
EMP-0996,41,Producción,21,12252,Sí,7,21,Básico,No
EMP-0997,32,Producción,28,11541,Sí,27,28,Intermedio,Sí
EMP-0998,46,Ingeniería,104,44534,No,10,12,Intermedio,No
EMP-0999,25,Producción,54,9835,Sí,34,38,Intermedio,No
EMP-1000,22,Producción,54,10093,No,36,4,Básico,No
EMP-1001,46,Producción,65,12186,No,25,57,Intermedio,No
EMP-1002,21,Producción,100,15661,No,6,9,Básico,No
EMP-1003,29,Ingeniería,21,38355,No,24,9,Básico,No
EMP-1004,19,Ingeniería,107,34461,No,18,37,Intermedio,Sí
EMP-1005,44,Logística,99,25402,No,23,26,Intermedio,No
EMP-1006,48,Producción,13,9890,Sí,6,13,Avanzado,No
EMP-1007,53,Logística,57,24831,Sí,29,50,Básico,No
EMP-1008,53,Producción,49,9186,No,25,20,Básico,No
EMP-1009,43,Producción,118,13069,Sí,17,7,Básico,No
EMP-1010,44,Producción,54,9634,Sí,46,0,Básico,No
EMP-1011,22,Producción,10,15400,No,24,10,Avanzado,No
EMP-1012,37,Logística,53,23171,Sí,11,48,Intermedio,Sí
EMP-1013,28,Ingeniería,44,40678,No,26,38,Avanzado,No
EMP-1014,27,Logística,47,16783,Sí,34,13,Básico,No
EMP-1015,57,Producción,53,10019,No,28,20,Avanzado,No
EMP-1016,55,Producción,74,9094,No,3,29,Básico,No
EMP-1017,23,Producción,46,15617,No,11,20,Avanzado,No
EMP-1018,25,Producción,13,9614,No,38,13,Básico,No
EMP-1019,40,Producción,37,9862,No,14,8,Básico,No
EMP-1020,43,Producción,102,13939,Sí,26,16,Intermedio,No
EMP-1021,29,Producción,24,16881,No,48,4,Avanzado,No
EMP-1022,43,Producción,2,17858,No,21,2,Básico,No
EMP-1023,30,Ingeniería,86,35058,No,39,56,Básico,No
EMP-1024,57,RRHH,81,18939,No,30,30,Avanzado,No
EMP-1025,35,Finanzas,100,47032,Sí,8,51,Básico,No
EMP-1026,42,Ingeniería,14,30538,No,20,14,Básico,No
EMP-1027,50,Producción,10,9792,No,48,10,Básico,No
EMP-1028,57,Ingeniería,35,57968,Sí,32,35,Básico,No
EMP-1029,29,Logística,25,17106,No,22,25,Avanzado,No
EMP-1030,53,Producción,3,9393,Sí,7,3,Intermedio,No
EMP-1031,21,Producción,111,9416,Sí,9,35,Intermedio,No
EMP-1032,22,Logística,102,16528,Sí,45,49,Avanzado,Sí
EMP-1033,54,Producción,17,16170,Sí,1,17,Básico,No
EMP-1034,25,Producción,12,9798,No,29,12,Básico,No
EMP-1035,59,Producción,54,15297,Sí,8,13,Básico,No
EMP-1036,45,Producción,116,11234,No,4,55,Básico,No
EMP-1037,48,Producción,24,9752,No,35,24,Básico,No
EMP-1038,26,Producción,29,9711,Sí,3,28,Avanzado,No
EMP-1039,46,Producción,43,11949,No,45,42,Intermedio,No
EMP-1040,31,Producción,25,12128,No,40,25,Básico,No
EMP-1041,57,Logística,100,16901,No,7,35,Intermedio,No
EMP-1042,58,Producción,60,9800,Sí,27,57,Intermedio,Sí
EMP-1043,39,Producción,90,15549,No,1,43,Avanzado,No
EMP-1044,28,Producción,102,9345,No,27,9,Avanzado,No
EMP-1045,40,Finanzas,65,29471,Sí,16,30,Intermedio,No
EMP-1046,18,Producción,84,16265,Sí,38,5,Intermedio,No
EMP-1047,54,Producción,119,9265,No,7,56,Intermedio,Sí
EMP-1048,38,Finanzas,28,57015,Sí,44,0,Intermedio,No
EMP-1049,43,Logística,16,21701,No,23,6,Básico,No
EMP-1050,53,Producción,47,17084,No,41,47,Básico,No
EMP-1051,40,Logística,81,16723,No,11,26,Intermedio,No
EMP-1052,18,Producción,104,9722,No,42,20,Básico,No
EMP-1053,57,Producción,92,9267,Sí,33,27,Básico,Sí
EMP-1054,32,Producción,58,15341,Sí,36,15,Intermedio,No
EMP-1055,38,Producción,76,15974,No,37,55,Básico,Sí
EMP-1056,26,Ingeniería,27,32460,No,41,27,Intermedio,Sí
EMP-1057,26,Producción,118,17546,No,17,22,Intermedio,No
EMP-1058,27,Producción,53,11258,Sí,35,51,Avanzado,Sí
EMP-1059,43,Ingeniería,42,50859,Sí,48,19,Básico,No
EMP-1060,58,Logística,59,16718,Sí,5,37,Básico,No
EMP-1061,52,Producción,47,9582,No,48,47,Intermedio,No
EMP-1062,42,Ingeniería,94,38304,Sí,32,24,Intermedio,No
EMP-1063,43,Producción,105,9799,No,3,27,Avanzado,No
EMP-1064,28,Logística,34,17021,No,47,4,Básico,Sí
EMP-1065,55,Ingeniería,37,42532,No,35,37,Básico,No
EMP-1066,19,RRHH,6,17250,Sí,14,6,Avanzado,No
EMP-1067,24,Producción,7,15650,Sí,48,7,Básico,Sí
EMP-1068,35,Producción,96,11346,No,31,46,Intermedio,No
EMP-1069,44,Producción,96,9565,No,31,5,Básico,No
EMP-1070,51,Producción,117,10899,Sí,17,56,Básico,Sí
EMP-1071,44,Producción,25,9484,No,24,25,Básico,No
EMP-1072,34,Finanzas,33,28802,No,23,18,Básico,No
EMP-1073,41,Producción,55,15916,Sí,18,32,Intermedio,No
EMP-1074,42,Producción,58,15758,Sí,14,0,Avanzado,No
EMP-1075,24,Logística,7,18291,No,15,7,Básico,Sí
EMP-1076,23,Producción,116,9959,No,15,2,Intermedio,No
EMP-1077,41,Logística,57,23496,Sí,6,41,Básico,No
EMP-1078,50,Producción,12,9646,No,27,12,Intermedio,No
EMP-1079,46,Producción,16,11152,No,15,16,Básico,No
EMP-1080,39,Producción,80,9637,Sí,36,40,Avanzado,No
EMP-1081,43,Producción,43,9569,No,8,39,Intermedio,No
EMP-1082,45,Finanzas,117,56860,No,15,2,Intermedio,No
EMP-1083,38,Producción,100,9585,Sí,3,24,Intermedio,Sí
EMP-1084,24,Producción,77,12964,Sí,47,44,Intermedio,No
EMP-1085,34,Producción,7,9232,No,13,7,Avanzado,No
EMP-1086,37,Producción,100,11206,No,41,44,Intermedio,No
EMP-1087,58,Finanzas,111,50039,No,34,54,Avanzado,No
EMP-1088,37,Producción,51,9092,No,24,19,Intermedio,No
EMP-1089,39,Ingeniería,73,44880,No,40,51,Básico,No
EMP-1090,45,RRHH,32,17207,No,32,32,Intermedio,No
EMP-1091,57,Producción,75,9648,No,32,44,Básico,No
EMP-1092,24,Finanzas,8,43074,Sí,30,8,Intermedio,No
EMP-1093,18,Producción,97,9264,Sí,49,20,Básico,Sí
EMP-1094,49,Producción,87,9018,Sí,13,55,Intermedio,Sí
EMP-1095,30,Producción,89,9625,No,1,54,Básico,No
EMP-1096,47,Ingeniería,72,39709,Sí,34,47,Básico,Sí
EMP-1097,40,RRHH,45,16761,No,15,22,Básico,No
EMP-1098,36,Producción,86,13980,Sí,44,5,Avanzado,No
EMP-1099,49,Ingeniería,59,37556,Sí,14,50,Básico,No
EMP-1100,47,Producción,4,10092,No,29,4,Básico,No
EMP-1101,46,Producción,104,9036,No,34,12,Intermedio,No
EMP-1102,46,Producción,67,16188,Sí,18,48,Intermedio,Sí
EMP-1103,47,RRHH,29,23965,Sí,7,22,Básico,No
EMP-1104,33,Ingeniería,105,44066,No,29,8,Básico,No
EMP-1105,57,Producción,29,9812,Sí,31,16,Básico,No
EMP-1106,36,Producción,98,14137,Sí,25,60,Avanzado,No
EMP-1107,35,Producción,98,12390,No,38,1,Básico,Sí
EMP-1108,18,Producción,28,9971,Sí,14,18,Básico,No
EMP-1109,31,Producción,77,10662,No,8,18,Básico,No
EMP-1110,19,Logística,79,17810,No,27,55,Básico,No
EMP-1111,45,Producción,87,17699,Sí,2,6,Intermedio,No
EMP-1112,47,Producción,44,12730,Sí,17,44,Básico,Sí
EMP-1113,55,Producción,90,17738,Sí,37,41,Básico,No
EMP-1114,21,Logística,4,16145,Sí,14,4,Básico,Sí
EMP-1115,18,Ingeniería,90,47879,Sí,25,58,Básico,No
EMP-1116,25,Producción,104,9600,No,30,19,Básico,No
EMP-1117,46,Ingeniería,9,37516,No,29,8,Intermedio,No
EMP-1118,56,Producción,119,9819,No,20,16,Intermedio,No
EMP-1119,20,Producción,5,9381,No,21,5,Avanzado,No
EMP-1120,49,Producción,56,9520,No,22,46,Avanzado,No
EMP-1121,27,Producción,96,9093,Sí,35,1,Intermedio,Sí
EMP-1122,27,Producción,84,9436,No,37,35,Básico,No
EMP-1123,36,Finanzas,50,29515,Sí,16,18,Intermedio,No
EMP-1124,51,Logística,75,16039,Sí,49,16,Intermedio,Sí
EMP-1125,50,Ingeniería,15,41374,No,43,4,Intermedio,No
EMP-1126,40,Producción,32,13470,No,17,32,Intermedio,No
EMP-1127,45,Producción,28,9169,No,16,17,Básico,No
EMP-1128,49,Ingeniería,22,40607,Sí,2,22,Intermedio,No
EMP-1129,24,Producción,105,9983,No,4,53,Intermedio,No
EMP-1130,46,Producción,17,9881,Sí,21,17,Avanzado,No
EMP-1131,25,Producción,59,12266,No,39,6,Básico,No
EMP-1132,18,Logística,90,23757,Sí,34,16,Básico,No
EMP-1133,20,Producción,108,9246,No,30,38,Básico,Sí
EMP-1134,41,Producción,71,9416,No,6,35,Intermedio,No
EMP-1135,40,Logística,106,22607,No,17,39,Básico,No
EMP-1136,25,Producción,57,16632,No,39,44,Básico,No
EMP-1137,54,Producción,26,9619,No,25,3,Avanzado,No
EMP-1138,20,Producción,25,9271,Sí,5,25,Básico,No
EMP-1139,50,Producción,10,9840,Sí,5,10,Intermedio,No
EMP-1140,45,Logística,45,19152,Sí,20,4,Básico,No
EMP-1141,25,Producción,83,9837,No,16,29,Intermedio,No
EMP-1142,51,Producción,11,9552,No,41,11,Intermedio,Sí
EMP-1143,52,Finanzas,77,37478,No,37,3,Avanzado,No
EMP-1144,49,Finanzas,53,41881,Sí,40,23,Avanzado,No
EMP-1145,41,Finanzas,72,51593,No,9,28,Básico,No
EMP-1146,31,Producción,104,9591,No,5,8,Básico,No
EMP-1147,49,Producción,68,9212,No,42,3,Básico,No
EMP-1148,33,RRHH,111,20348,No,2,50,Intermedio,No
EMP-1149,21,Logística,95,16347,No,9,23,Avanzado,No
EMP-1150,54,Producción,28,14583,Sí,43,13,Básico,No
EMP-1151,38,Producción,75,9576,No,36,4,Intermedio,No
EMP-1152,31,Producción,107,9990,No,22,17,Básico,No
EMP-1153,48,Finanzas,65,30766,Sí,22,41,Intermedio,Sí
EMP-1154,35,Producción,49,11266,Sí,22,49,Avanzado,No
EMP-1155,24,Producción,47,9553,Sí,34,18,Básico,Sí
EMP-1156,27,Producción,52,9919,No,29,11,Básico,No
EMP-1157,24,Ingeniería,102,38578,No,38,17,Básico,No
EMP-1158,50,Logística,88,17495,No,46,16,Intermedio,No
EMP-1159,40,Producción,54,12700,No,33,29,Intermedio,No
EMP-1160,38,Logística,60,21951,No,18,23,Básico,No
EMP-1161,36,RRHH,57,18219,Sí,7,10,Básico,No
EMP-1162,36,Producción,47,15101,No,1,34,Básico,No
EMP-1163,53,Producción,31,10179,No,33,22,Intermedio,No
EMP-1164,46,Producción,105,16925,No,1,16,Intermedio,No
EMP-1165,35,Logística,46,17042,No,24,0,Básico,No
EMP-1166,19,Producción,114,14371,No,4,14,Intermedio,No
EMP-1167,18,Ingeniería,26,43844,Sí,4,26,Intermedio,Sí
EMP-1168,22,Logística,113,19066,No,18,59,Básico,Sí
EMP-1169,37,Producción,114,9303,Sí,27,8,Básico,Sí
EMP-1170,28,Finanzas,5,51557,Sí,43,5,Intermedio,No
EMP-1171,59,Producción,84,9374,Sí,32,27,Avanzado,No
EMP-1172,19,Producción,52,13034,Sí,33,23,Básico,Sí
EMP-1173,20,Ingeniería,105,28668,Sí,28,59,Básico,No
EMP-1174,40,Logística,75,17414,No,42,60,Básico,No
EMP-1175,29,Producción,54,9529,No,41,34,Intermedio,No
EMP-1176,37,Logística,33,19621,Sí,36,21,Básico,Sí
EMP-1177,22,Finanzas,50,41316,Sí,6,26,Básico,No
EMP-1178,54,Producción,38,14815,Sí,16,18,Intermedio,No
EMP-1179,55,RRHH,27,20731,Sí,34,27,Intermedio,Sí
EMP-1180,47,Producción,98,9307,Sí,23,11,Básico,No
EMP-1181,26,Producción,15,17080,No,42,15,Básico,No
EMP-1182,51,Producción,96,13280,Sí,24,0,Intermedio,Sí
EMP-1183,52,Finanzas,61,39808,No,49,20,Básico,Sí
EMP-1184,39,Ingeniería,21,36608,Sí,13,21,Básico,No
EMP-1185,41,Producción,46,15478,No,18,44,Avanzado,No
EMP-1186,34,Producción,69,9483,No,13,0,Básico,No
EMP-1187,27,Ingeniería,6,29914,No,49,6,Intermedio,No
EMP-1188,47,Producción,38,17232,No,37,38,Avanzado,No
EMP-1189,40,Finanzas,62,49839,Sí,43,58,Básico,Sí
EMP-1190,49,Logística,86,20949,Sí,39,58,Básico,No
EMP-1191,34,Producción,62,9935,No,42,31,Intermedio,No
EMP-1192,34,RRHH,82,18587,No,17,38,Avanzado,No
EMP-1193,31,Producción,78,9386,No,15,59,Avanzado,No
EMP-1194,26,RRHH,74,17790,Sí,18,21,Intermedio,No
EMP-1195,57,Ingeniería,46,39823,Sí,23,17,Básico,No
EMP-1196,19,Ingeniería,13,33914,No,30,13,Intermedio,No
EMP-1197,42,Producción,95,9616,No,34,45,Básico,No
EMP-1198,56,Finanzas,94,45917,No,4,31,Básico,No
EMP-1199,26,Producción,3,12785,Sí,3,3,Básico,No
EMP-1200,39,Producción,94,13720,No,7,27,Básico,No
